{"cameraMode":{"drawMode":0,"name":"Shaded","section":"Shading Mode"},"sceneLighting":false,"audioPlay":false,"sceneViewState":{"showFog":true,"showMaterialUpdate":false,"showSkybox":false,"showFlares":true,"showImageEffects":true,"showParticleSystems":true},"in2DMode":false,"pivot":{"x":-34.39463424682617,"y":68.9715347290039,"z":-1.0743910074234009},"rotation":{"x":-0.34779807925224306,"y":-0.6223216652870178,"z":0.3594729006290436,"w":-0.6021121740341187},"size":895.9534301757813,"orthographic":false}