{"cameraMode":{"drawMode":0,"name":"Shaded","section":"Shading Mode"},"sceneLighting":false,"audioPlay":false,"sceneViewState":{"showFog":true,"showMaterialUpdate":false,"showSkybox":false,"showFlares":true,"showImageEffects":true,"showParticleSystems":true},"in2DMode":false,"pivot":{"x":-201.1573028564453,"y":2.170632839202881,"z":0.7136219143867493},"rotation":{"x":0.020685439929366113,"y":0.9686498045921326,"z":-0.23235130310058595,"w":0.08594171702861786},"size":6.125621795654297,"orthographic":false}