{"cameraMode":{"drawMode":0,"name":"Shaded","section":"Shading Mode"},"sceneLighting":false,"audioPlay":false,"sceneViewState":{"showFog":true,"showMaterialUpdate":false,"showSkybox":false,"showFlares":true,"showImageEffects":true,"showParticleSystems":true},"in2DMode":false,"pivot":{"x":2.22662091255188,"y":4.6989030838012699,"z":222.8999786376953},"rotation":{"x":-0.09664478152990341,"y":-0.007779120467603207,"z":0.0003605903184507042,"w":-0.9954637289047241},"size":11.5208101272583,"orthographic":false}