{"cameraMode":{"drawMode":0,"name":"Shaded","section":"Shading Mode"},"sceneLighting":false,"audioPlay":false,"sceneViewState":{"showFog":true,"showMaterialUpdate":false,"showSkybox":false,"showFlares":true,"showImageEffects":true,"showParticleSystems":true},"in2DMode":false,"pivot":{"x":4.219944477081299,"y":3.7638442516326906,"z":0.659826934337616},"rotation":{"x":0.16745319962501527,"y":-0.7762054800987244,"z":0.23223505914211274,"w":0.5619634985923767},"size":2.4474525451660158,"orthographic":false}