{"cameraMode":{"drawMode":0,"name":"Shaded","section":"Shading Mode"},"sceneLighting":false,"audioPlay":false,"sceneViewState":{"showFog":true,"showMaterialUpdate":false,"showSkybox":false,"showFlares":true,"showImageEffects":true,"showParticleSystems":true},"in2DMode":false,"pivot":{"x":0.2731255888938904,"y":0.19464480876922608,"z":-16.60303497314453},"rotation":{"x":-0.43586382269859316,"y":0.1742703914642334,"z":-0.08651739358901978,"w":-0.8787896037101746},"size":27.353666305541993,"orthographic":false}